{
  "RandomForest": {
    "url_length": 0.04442205778869549,
    "num_dots": 0.06123013759117633,
    "num_hyphens": 0.0019213847251801054,
    "num_underscores": 0.00035306984128805394,
    "num_slashes": 0.13570416065761184,
    "num_digits": 0.016885420134269507,
    "digit_ratio": 0.017200481744173293,
    "num_special": 0.060563877199985836,
    "num_question": 0.0036241053550290134,
    "num_equal": 0.004463614811252218,
    "num_dollar": 0.0,
    "num_exclamation": 0.0,
    "num_hashtag": 6.312252437760241e-05,
    "num_percent": 0.00013952910355208628,
    "repeated_digits_url": 0.005630353631383657,
    "domain_length": 0.019028101387122204,
    "num_hyphens_domain": 0.0010667433291231267,
    "num_special_domain": 0.0,
    "has_special_domain": 0.0,
    "subdomain_count": 0.1251014196180414,
    "avg_subdomain_len": 0.08405111262162122,
    "subdomain_hyphen": 0.0022329932371171588,
    "subdomain_repeated_digits": 0.0007832051721672703,
    "entropy_url": 0.034479427606884536,
    "entropy_domain": 0.03205093618534213,
    "https": 0.07355031435812764,
    "has_ip_host": 0.0003842229631542479,
    "is_related_to_cse": 0.2077875311017844,
    "html_length": 0.01280700796653152,
    "num_links": 0.012097505121937458,
    "external_links_ratio": 0.0038918868806672776,
    "num_forms": 0.0010211751264370828,
    "has_login_form": 2.2954363530229036e-05,
    "num_scripts": 0.004580645719335165,
    "num_iframes": 0.0012855575256781049,
    "title_length": 0.005038093258650196,
    "meta_keyword_match": 0.014626553428183569,
    "favicon_match_cse": 0.0017358210978127575,
    "favicon_distance": 0.010175476822776142
  },
  "XGBoost": {
    "url_length": 0.002076242119073868,
    "num_dots": 0.0024129454977810383,
    "num_hyphens": 0.001560675329528749,
    "num_underscores": 0.0,
    "num_slashes": 0.31349262595176697,
    "num_digits": 0.0026329739484936,
    "digit_ratio": 0.0011498825624585152,
    "num_special": 0.005085460375994444,
    "num_question": 0.0,
    "num_equal": 0.0,
    "num_dollar": 0.0,
    "num_exclamation": 0.0,
    "num_hashtag": 0.0,
    "num_percent": 0.0,
    "repeated_digits_url": 0.001206197775900364,
    "domain_length": 0.0020042553078383207,
    "num_hyphens_domain": 0.0009774987120181322,
    "num_special_domain": 0.0,
    "has_special_domain": 0.0,
    "subdomain_count": 0.29325518012046814,
    "avg_subdomain_len": 0.06561653316020966,
    "subdomain_hyphen": 0.008304284885525703,
    "subdomain_repeated_digits": 0.0,
    "entropy_url": 0.0012400745181366801,
    "entropy_domain": 0.0014951300108805299,
    "https": 0.06258130073547363,
    "has_ip_host": 0.0,
    "is_related_to_cse": 0.12945251166820526,
    "html_length": 0.004403405357152224,
    "num_links": 0.005150972865521908,
    "external_links_ratio": 0.0031695966608822346,
    "num_forms": 0.0007172749028541148,
    "has_login_form": 0.0,
    "num_scripts": 0.005185402929782867,
    "num_iframes": 0.003692565020173788,
    "title_length": 0.005979026202112436,
    "meta_keyword_match": 0.06253040581941605,
    "favicon_match_cse": 0.0006005901377648115,
    "favicon_distance": 0.014026938937604427
  },
  "LightGBM": {
    "url_length": 2491,
    "num_dots": 293,
    "num_hyphens": 402,
    "num_underscores": 0,
    "num_slashes": 137,
    "num_digits": 219,
    "digit_ratio": 125,
    "num_special": 97,
    "num_question": 0,
    "num_equal": 0,
    "num_dollar": 0,
    "num_exclamation": 0,
    "num_hashtag": 0,
    "num_percent": 0,
    "repeated_digits_url": 21,
    "domain_length": 1374,
    "num_hyphens_domain": 107,
    "num_special_domain": 0,
    "has_special_domain": 0,
    "subdomain_count": 177,
    "avg_subdomain_len": 147,
    "subdomain_hyphen": 0,
    "subdomain_repeated_digits": 0,
    "entropy_url": 6258,
    "entropy_domain": 6052,
    "https": 124,
    "has_ip_host": 0,
    "is_related_to_cse": 407,
    "html_length": 311,
    "num_links": 6,
    "external_links_ratio": 50,
    "num_forms": 2,
    "has_login_form": 0,
    "num_scripts": 8,
    "num_iframes": 14,
    "title_length": 42,
    "meta_keyword_match": 8,
    "favicon_match_cse": 4,
    "favicon_distance": 24
  },
  "GradientBoosting": {
    "url_length": 0.008074672563853613,
    "num_dots": 0.0008728844462613296,
    "num_hyphens": 0.0009771698624143816,
    "num_underscores": 1.0646907623959751e-08,
    "num_slashes": 0.1915301963921773,
    "num_digits": 0.0008135532397462448,
    "digit_ratio": 0.0006605580007725825,
    "num_special": 0.0020068192920969187,
    "num_question": 5.046174141924644e-07,
    "num_equal": 3.33980825540729e-06,
    "num_dollar": 0.0,
    "num_exclamation": 0.0,
    "num_hashtag": 5.152090539463383e-07,
    "num_percent": 0.0,
    "repeated_digits_url": 6.914827042128383e-06,
    "domain_length": 0.0036570162343195385,
    "num_hyphens_domain": 0.0010810523135753012,
    "num_special_domain": 0.0,
    "has_special_domain": 0.0,
    "subdomain_count": 0.4604763690769079,
    "avg_subdomain_len": 0.00037729798398787666,
    "subdomain_hyphen": 0.0,
    "subdomain_repeated_digits": 0.0,
    "entropy_url": 0.013756390655546253,
    "entropy_domain": 0.013800230148674547,
    "https": 0.010697149516893227,
    "has_ip_host": 3.1699769615905e-05,
    "is_related_to_cse": 0.28689969620821104,
    "html_length": 0.0018094391857594514,
    "num_links": 2.231750064859743e-05,
    "external_links_ratio": 0.0011267071569558852,
    "num_forms": 4.7833220661401824e-05,
    "has_login_form": 0.0,
    "num_scripts": 3.6571447710344654e-05,
    "num_iframes": 0.0007947946071361949,
    "title_length": 0.00013471897177453493,
    "meta_keyword_match": 1.9753540485170644e-06,
    "favicon_match_cse": 0.00011777942023235941,
    "favicon_distance": 0.0001838223213455743
  }
}